,MMM,AXP,AAPL,BA,CAT,CVX,CSCO,KO,DIS,DWDP,XOM,GS,HD,IBM,INTC,JNJ,JPM,MCD,MRK,MSFT,NKE,PFE,PG,TRV,UTX,UNH,VZ,V,WMT,WBA
0,239.91,97.885,178.725,352.61,157.03,115.53,45.195,44.665,104.335,71.47,74.905,270.52,179.915,158.62,51.965,132.675,117.105,155.84,54.895,95.985,66.13,36.785,80.655,140.83,132.76,224.64,48.755,123.45,87.86,69.605
1,239.68,97.78,178.675,352.465,156.985,115.415,45.205,44.645,104.245,71.46,74.845,270.09,179.82,158.49,51.935,132.55,116.985,155.81,54.845,95.995,66.055,36.745,80.595,140.735,132.765,224.6,48.735,123.455,87.865,69.54
2,239.66,97.775,178.675,352.44,156.875,115.405,45.19,44.635,104.2,71.475,74.795,269.89,179.83,158.375,51.935,132.555,116.99,155.78,54.855,95.995,66.025,36.74,80.565,140.655,132.785,224.585,48.775,123.46,87.845,69.535
3,239.655,97.805,178.675,352.375,156.975,115.405,45.205,44.645,104.2,71.47,74.825,269.805,179.86,158.48,51.915,132.505,117.02,155.805,54.885,95.96,66.025,36.725,80.555,140.695,132.885,224.485,48.745,123.44,87.865,69.56
4,239.8,97.89,178.765,352.495,157.07,115.485,45.235,44.675,104.25,71.535,74.845,270.15,180.025,158.565,51.935,132.51,117.125,155.89,54.865,95.985,66.07,36.735,80.555,140.8,132.98,224.615,48.765,123.515,87.845,69.57
5,239.555,97.805,178.615,352.41,156.9,115.42,45.195,44.665,104.195,71.46,74.845,269.845,179.905,158.51,51.935,132.46,116.995,155.89,54.865,95.915,65.995,36.735,80.505,140.635,132.905,224.49,48.745,123.465,87.795,69.555
6,239.595,97.8,178.595,352.15,156.81,115.34,45.205,44.655,104.19,71.435,74.785,269.655,179.875,158.395,51.945,132.44,116.985,155.965,54.855,95.815,65.995,36.735,80.485,140.635,132.86,224.48,48.775,123.42,87.735,69.575
7,239.57,97.825,178.61,352.23,156.8,115.3,45.225,44.645,104.2,71.445,74.755,269.76,179.955,158.34,51.975,132.415,116.96,156,54.865,95.885,66.065,36.735,80.435,140.63,132.895,224.62,48.755,123.415,87.745,69.605
8,239.455,97.805,178.565,352.22,156.79,115.415,45.215,44.655,104.175,71.405,74.755,269.69,179.885,158.33,51.92,132.36,116.875,156.07,54.835,95.845,66.05,36.735,80.405,140.555,132.885,224.67,48.735,123.395,87.675,69.59
9,239.375,97.815,178.615,352.26,156.91,115.385,45.215,44.635,104.18,71.42,74.755,269.835,179.915,158.37,51.915,132.35,116.865,155.91,54.825,95.865,66.045,36.735,80.395,140.48,132.88,224.675,48.725,123.415,87.665,69.535
10,239.415,97.74,178.655,352.32,156.85,115.41,45.215,44.625,104.195,71.405,74.785,269.7,179.855,158.355,51.865,132.32,116.815,155.87,54.825,95.865,66.02,36.685,80.355,140.48,132.965,224.625,48.735,123.41,87.555,69.515
11,239.36,97.71,178.565,352.35,156.86,115.44,45.205,44.615,104.22,71.41,74.745,269.795,179.835,158.3,51.865,132.31,116.735,155.905,54.835,95.855,66.035,36.685,80.325,140.43,133.015,224.62,48.735,123.41,87.575,69.525
12,239.505,97.7,178.605,352.45,157.015,115.45,45.215,44.625,104.21,71.445,74.735,269.82,179.88,158.34,51.885,132.43,116.805,155.955,54.885,95.895,66.055,36.695,80.315,140.49,133.11,224.585,48.755,123.43,87.575,69.54
13,239.49,97.71,178.585,352.55,157.025,115.545,45.235,44.615,104.255,71.48,74.775,270.01,179.945,158.36,51.875,132.35,116.865,155.97,54.865,95.905,66.03,36.705,80.305,140.455,133.1,224.48,48.745,123.47,87.65,69.585
14,239.6,97.755,178.665,352.725,157.065,115.525,45.235,44.585,104.25,71.475,74.795,270.035,179.95,158.305,51.895,132.385,116.9,156.05,54.855,95.925,66.085,36.705,80.275,140.425,133.08,224.61,48.735,123.525,87.68,69.595
15,239.705,97.8,178.72,352.8,157.095,115.5,45.235,44.585,104.255,71.405,74.755,270.035,180.01,158.33,51.875,132.36,116.945,156.095,54.865,95.945,66.075,36.715,80.315,140.405,133.09,224.6,48.735,123.545,87.665,69.575
16,239.755,97.815,178.715,352.755,157.125,115.575,45.235,44.595,104.285,71.42,74.825,270.265,179.975,158.345,51.885,132.46,116.995,156.195,54.885,95.905,66.065,36.745,80.305,140.59,133.04,224.645,48.705,123.615,87.715,69.58
17,239.795,97.73,178.735,352.84,157.055,115.5,45.185,44.595,104.25,71.38,74.755,270.085,179.89,158.205,51.905,132.455,116.905,156.055,54.865,95.815,66.035,36.725,80.275,140.44,132.805,224.625,48.655,123.615,87.7,69.545
18,239.69,97.69,178.785,352.855,156.985,115.51,45.185,44.585,104.265,71.36,74.745,270.01,179.9,158.12,51.895,132.44,116.875,156.18,54.865,95.705,66.025,36.73,80.265,140.47,132.96,224.645,48.695,123.605,87.695,69.56
19,239.535,97.595,178.785,352.58,156.79,115.505,45.145,44.575,104.24,71.28,74.715,269.845,179.865,158.04,51.885,132.385,116.8,156.21,54.855,95.695,66.005,36.715,80.275,140.32,133.005,224.61,48.685,123.51,87.705,69.545
20,239.565,97.575,178.765,352.495,156.67,115.515,45.125,44.575,104.26,71.28,74.735,269.905,179.885,157.99,51.885,132.42,116.83,156.19,54.835,95.635,66.045,36.725,80.285,140.35,133.01,224.475,48.685,123.47,87.705,69.575
21,239.71,97.565,178.835,352.475,156.815,115.525,45.135,44.595,104.245,71.315,74.705,269.975,179.885,158.025,51.89,132.42,116.845,156.12,54.825,95.68,66.055,36.725,80.335,140.3,132.99,224.48,48.705,123.495,87.755,69.575
22,239.72,97.605,178.875,352.635,156.95,115.625,45.145,44.605,104.25,71.355,74.775,270.04,179.815,157.985,51.925,132.395,116.885,156.08,54.825,95.715,66.065,36.725,80.325,140.365,133.02,224.475,48.715,123.52,87.675,69.58
23,239.61,97.545,178.875,352.5,156.835,115.575,45.125,44.585,104.175,71.27,74.725,269.92,179.76,157.945,51.945,132.36,116.82,156.16,54.805,95.635,66.025,36.735,80.305,140.295,132.965,224.32,48.695,123.5,87.645,69.61
24,239.735,97.545,178.995,352.64,156.925,115.63,45.165,44.595,104.18,71.285,74.735,269.985,179.91,158.025,51.965,132.495,116.915,156.245,54.855,95.735,66.045,36.755,80.335,140.26,133.025,224.495,48.735,123.53,87.715,69.66
25,239.77,97.58,179.055,352.84,157.055,115.695,45.175,44.615,104.19,71.285,74.735,270.055,179.975,158.03,51.975,132.525,116.95,156.345,54.825,95.795,66.075,36.745,80.335,140.365,133.055,224.49,48.735,123.56,87.72,69.675
26,239.755,97.52,179.125,352.61,156.945,115.695,45.145,44.595,104.195,71.275,74.725,269.86,179.94,158.01,51.985,132.53,116.885,156.43,54.815,95.745,66.075,36.745,80.325,140.29,132.99,224.24,48.725,123.54,87.715,69.655
27,239.83,97.51,179.175,352.84,157.085,115.76,45.175,44.585,104.21,71.29,74.755,270.125,180,158.125,51.985,132.545,116.955,156.45,54.805,95.815,66.085,36.755,80.255,140.24,133.03,224.235,48.715,123.64,87.695,69.695
28,239.825,97.55,179.22,352.83,157.065,115.755,45.175,44.595,104.16,71.295,74.755,270.165,179.965,158.115,51.945,132.6,116.965,156.35,54.815,95.835,66.155,36.765,80.265,140.245,133.045,224.22,48.705,123.68,87.77,69.695
29,239.825,97.505,179.185,352.875,157.065,115.675,45.165,44.575,104.15,71.285,74.785,270.115,179.945,158.055,51.935,132.59,116.955,156.47,54.805,95.855,66.085,36.755,80.275,140.225,133.125,224.15,48.715,123.65,87.725,69.71
30,239.635,97.515,179.17,352.83,157.075,115.68,45.155,44.575,104.11,71.34,74.815,270.125,179.815,157.955,51.885,132.545,116.945,156.395,54.785,95.775,66.085,36.745,80.295,140.21,133.185,224.03,48.695,123.625,87.695,69.715
31,239.68,97.505,179.05,352.86,157.195,115.74,45.175,44.575,104.11,71.425,74.805,270.15,179.9,157.95,51.915,132.6,116.945,156.475,54.795,95.815,66.085,36.735,80.255,140.165,133.245,224.01,48.695,123.63,87.705,69.715
32,239.775,97.505,179.135,353.12,157.19,115.815,45.175,44.595,104.14,71.465,74.825,270.18,179.84,157.91,51.935,132.54,116.995,156.48,54.785,95.805,66.045,36.745,80.215,140.18,133.21,224.035,48.695,123.615,87.705,69.775
33,239.835,97.545,179.185,353.435,157.195,115.755,45.175,44.585,104.145,71.575,74.775,270.225,179.915,157.95,51.945,132.615,117.045,156.535,54.775,95.785,66.085,36.745,80.185,140.265,133.24,224.04,48.675,123.64,87.705,69.775
34,239.85,97.605,179.1,353.175,157.225,115.84,45.185,44.595,104.13,71.61,74.785,270.195,179.995,157.965,51.965,132.59,117.065,156.455,54.815,95.805,66.115,36.735,80.165,140.29,133.3,223.92,48.695,123.72,87.735,69.775
35,239.86,97.61,179.13,352.96,157.19,115.91,45.165,44.605,104.105,71.61,74.795,270.26,179.9,158.005,51.955,132.55,117.115,156.5,54.805,95.805,66.125,36.705,80.195,140.345,133.13,223.85,48.685,123.705,87.705,69.745
36,239.87,97.625,179.175,352.92,157.225,115.955,45.155,44.615,104.1,71.615,74.815,270.405,179.835,158.09,51.935,132.56,117.145,156.56,54.785,95.815,66.125,36.695,80.165,140.345,133.115,223.835,48.685,123.685,87.705,69.745
37,239.825,97.565,179.145,352.915,157.14,115.9,45.115,44.605,104.11,71.625,74.755,270.315,179.88,158.06,51.915,132.545,117.105,156.485,54.785,95.725,66.125,36.685,80.115,140.305,133.105,223.965,48.685,123.705,87.715,69.745
38,240.01,97.635,179.235,353.09,157.225,116.06,45.105,44.605,104.135,71.63,74.805,270.595,179.955,158.18,51.935,132.59,117.16,156.6,54.795,95.725,66.085,36.695,80.115,140.4,133.125,223.895,48.725,123.77,87.82,69.835
39,239.825,97.635,179.235,353.005,157.205,116.005,45.075,44.615,104.09,71.585,74.735,270.44,179.915,158.155,51.945,132.505,117.1,156.59,54.775,95.655,66.055,36.665,80.135,140.405,133.04,223.85,48.705,123.76,87.785,69.785
40,239.73,97.635,179.165,352.975,157.19,116.015,45.065,44.605,104.095,71.6,74.695,270.47,179.965,158.12,51.935,132.52,117.115,156.52,54.765,95.635,66.025,36.645,80.195,140.41,133.085,223.87,48.695,123.76,87.805,69.77
41,239.905,97.68,179.205,353.135,157.195,116.075,45.065,44.615,104.095,71.67,74.735,270.55,179.975,158.12,51.945,132.575,117.135,156.54,54.795,95.635,66.015,36.665,80.185,140.41,133.08,223.995,48.715,123.735,87.81,69.775
42,240.06,97.75,179.245,353.305,157.28,116.175,45.085,44.625,104.145,71.65,74.705,270.675,180.095,158.21,51.915,132.6,117.175,156.66,54.825,95.665,66.015,36.685,80.205,140.495,133.235,224.065,48.735,123.73,87.83,69.825
43,240.1,97.76,179.29,353.555,157.435,116.33,45.095,44.625,104.18,71.69,74.725,270.695,180.055,158.225,51.955,132.59,117.215,156.71,54.815,95.645,66.015,36.655,80.165,140.57,133.355,224.1,48.755,123.68,87.895,69.835
44,240.21,97.735,179.305,353.745,157.415,116.36,45.125,44.645,104.21,71.7,74.715,270.675,180.02,158.255,52.005,132.55,117.205,156.67,54.815,95.755,65.995,36.635,80.125,140.52,133.295,223.935,48.765,123.7,87.835,69.865
45,240.105,97.705,179.325,353.49,157.23,116.1,45.085,44.645,104.15,71.7,74.675,270.445,179.965,158.125,52.005,132.475,117.135,156.565,54.795,95.675,65.915,36.605,80.115,140.635,133.16,223.88,48.735,123.66,87.805,69.9
46,240.145,97.695,179.18,353.235,157.135,116.065,45.085,44.615,104.105,71.63,74.635,270.34,180.01,158.11,52.005,132.465,117.135,156.57,54.795,95.655,65.935,36.605,80.075,140.58,133.045,223.91,48.745,123.63,87.815,69.915
47,240.195,97.705,179.29,353.375,157.1,116.07,45.105,44.625,104.105,71.67,74.675,270.485,180.045,158.155,52.055,132.475,117.175,156.6,54.785,95.675,65.94,36.595,80.125,140.67,133.07,223.96,48.745,123.71,87.835,69.94
48,240.3,97.755,179.395,353.47,157.02,116.07,45.105,44.645,104.125,71.67,74.645,270.59,180.01,158.2,52.065,132.505,117.165,156.63,54.785,95.665,65.935,36.605,80.145,140.72,133.125,224.015,48.765,123.785,87.825,69.975
49,240.325,97.745,179.28,353.585,156.985,116.055,45.075,44.645,104.095,71.615,74.615,270.64,179.965,158.1,52.075,132.485,117.08,156.47,54.755,95.655,65.935,36.565,80.135,140.7,133.05,223.9,48.755,123.8,87.775,69.965
50,240.2,97.76,179.305,353.31,157.17,116.065,45.075,44.645,104.09,71.59,74.605,270.64,179.96,158.075,52.045,132.48,117.075,156.575,54.755,95.645,65.955,36.565,80.135,140.745,133.005,223.91,48.775,123.73,87.745,69.955
51,240.2,97.775,179.305,353.405,157.225,116.015,45.065,44.645,104.035,71.61,74.595,270.57,180.015,158.12,52.025,132.505,117.035,156.56,54.725,95.695,65.935,36.565,80.175,140.74,132.93,223.995,48.755,123.765,87.77,69.955
52,240.28,97.82,179.39,353.68,157.24,116.045,45.095,44.635,104.04,71.625,74.555,270.6,180.02,158.125,52.035,132.525,117.045,156.565,54.715,95.715,65.955,36.565,80.165,140.6,132.985,223.96,48.775,123.78,87.805,69.98
53,240.265,97.885,179.435,353.63,157.19,116.055,45.115,44.635,104.035,71.605,74.595,270.645,180.04,158.14,52.025,132.58,117.015,156.635,54.765,95.695,65.975,36.595,80.155,140.69,133.06,223.955,48.795,123.79,87.81,69.98
54,240.26,97.895,179.53,353.515,157.175,116.105,45.115,44.635,104.065,71.615,74.605,270.62,180.11,158.16,52.025,132.595,116.995,156.66,54.775,95.695,65.995,36.625,80.175,140.655,133.08,223.935,48.795,123.785,87.865,70.09
55,240.275,97.91,179.47,353.455,157.255,116.135,45.135,44.645,104.12,71.57,74.625,268.06,180.225,158.15,52.015,132.675,116.975,156.705,54.815,95.735,66.045,36.635,80.225,140.685,133.005,223.935,48.835,123.805,87.915,70.11
56,240.295,97.875,179.415,353.425,157.22,116.15,45.125,44.645,104.1,71.555,74.61,267.19,180.165,158.12,51.985,132.785,116.925,156.71,54.835,95.735,66.065,36.635,80.245,140.695,132.94,223.935,48.825,123.78,87.895,70.075
57,240.315,97.895,179.36,353.405,157.275,116.155,45.105,44.655,104.1,71.545,74.635,267.935,180.105,158.15,51.955,132.835,116.985,156.72,54.845,95.715,66.025,36.635,80.265,140.76,132.895,223.855,48.825,123.765,87.915,70.065
58,240.355,97.95,179.51,353.425,157.345,116.18,45.13,44.685,104.01,71.56,74.665,268.78,180.085,158.19,51.985,132.87,117.035,156.645,54.865,95.805,66.065,36.655,80.305,140.775,132.865,223.74,48.815,123.825,87.95,70.06
59,240.19,97.915,179.49,353.31,157.185,116.075,45.135,44.685,103.935,71.5,74.605,269.05,179.925,158.11,51.965,132.755,117.015,156.48,54.845,95.775,66.005,36.635,80.295,140.72,132.735,223.66,48.795,123.77,87.885,69.995
60,240.16,97.92,179.525,352.98,157.175,116.06,45.135,44.665,103.675,71.48,74.605,269.355,179.805,158.05,51.965,132.715,117.035,156.53,54.845,95.825,65.965,36.635,80.235,140.71,132.73,223.735,48.765,123.81,87.865,69.965
61,240.15,97.945,179.535,352.87,157.195,116.035,45.165,44.675,103.87,71.475,74.615,269.215,179.885,158.13,51.935,132.8,117.075,156.615,54.865,95.855,66,36.665,80.255,140.73,132.73,223.845,48.785,123.865,87.89,69.995
62,240.17,97.97,179.47,352.775,157.255,116.08,45.165,44.665,103.725,71.505,74.595,269.675,179.905,158.13,51.895,132.835,117.095,156.57,54.865,95.875,65.985,36.685,80.225,140.72,132.76,223.855,48.785,123.84,87.875,70
63,240.085,97.97,179.495,352.785,157.17,116.145,45.165,44.665,103.74,71.51,74.635,269.62,179.87,158.115,51.885,132.825,117.095,156.66,54.875,95.865,65.985,36.685,80.215,140.735,132.76,223.83,48.785,123.89,87.885,70.02
64,239.935,97.965,179.555,352.71,157.16,116.22,45.185,44.665,103.74,71.505,74.625,270.135,179.845,158.085,51.895,132.81,117.115,156.65,54.865,95.865,65.965,36.675,80.215,140.72,132.645,223.82,48.785,123.89,87.875,69.99
65,240.07,97.98,179.625,352.76,157.225,116.235,45.195,44.665,103.775,71.51,74.595,270,179.83,158.105,51.935,132.83,117.115,156.8,54.865,95.915,65.935,36.675,80.195,140.65,132.67,223.825,48.785,123.885,87.865,69.965
66,239.91,97.96,179.555,352.73,157.18,116.175,45.145,44.655,103.815,71.52,74.535,270.1,179.82,158.04,51.915,132.78,117.075,156.79,54.845,95.855,65.935,36.655,80.155,140.62,132.605,223.775,48.715,123.85,87.86,69.955
67,239.85,97.945,179.57,352.57,157.135,116.125,45.145,44.665,103.86,71.51,74.535,270.12,179.825,158.05,51.885,132.785,117.105,156.745,54.835,95.855,65.935,36.655,80.165,140.575,132.575,223.79,48.745,123.86,87.875,69.975
68,239.77,97.895,179.465,352.485,157.045,116.12,45.145,44.665,103.88,71.465,74.505,270.26,179.87,158.05,51.885,132.785,117.075,156.74,54.835,95.865,65.975,36.645,80.185,140.55,132.515,223.81,48.745,123.81,87.905,70.005
69,239.83,97.885,179.395,352.645,157.02,116.08,45.165,44.665,103.83,71.445,74.385,270.13,179.82,158.04,51.895,132.815,117.075,156.865,54.835,95.825,65.955,36.635,80.165,140.575,132.53,223.86,48.715,123.82,87.915,70.025
70,239.835,97.89,179.305,352.77,157.01,116.155,45.165,44.665,103.81,71.45,74.425,270.35,179.775,157.97,51.895,132.84,117.065,156.83,54.845,95.825,65.945,36.655,80.135,140.52,132.515,223.925,48.715,123.78,87.895,70.065
71,239.805,97.9,179.33,352.78,157.075,116.18,45.165,44.655,103.865,71.46,74.415,270.225,179.73,157.975,51.935,132.86,117.025,156.77,54.855,95.805,65.945,36.655,80.135,140.55,132.515,223.865,48.715,123.755,87.895,70.05
72,239.955,97.92,179.375,352.895,157.065,116.185,45.155,44.655,103.89,71.485,74.395,270.355,179.73,158.015,51.905,132.85,117.075,156.68,54.875,95.825,65.955,36.655,80.125,140.615,132.605,223.97,48.715,123.67,87.96,70.05
73,240,97.95,179.39,352.895,157.115,116.225,45.145,44.675,103.96,71.525,74.395,270.15,179.78,158.05,51.925,132.925,117.105,156.715,54.895,95.815,65.955,36.655,80.165,140.695,132.585,223.905,48.745,123.65,88.04,70.075
74,240.455,98.045,179.58,353.515,157.415,116.365,45.235,44.715,104.085,71.625,74.505,270.395,180.025,158.29,52.045,133.065,117.225,156.98,54.925,95.955,66.025,36.715,80.225,140.895,132.775,224.115,48.755,123.74,88.085,70.095
75,240.515,98.08,179.565,353.625,157.375,116.3,45.245,44.725,104.065,71.645,74.495,270.66,180.075,158.36,52.085,133.12,117.275,157.075,54.955,95.965,66.045,36.735,80.255,140.925,132.75,224.07,48.775,123.765,88.1,70.09
76,240.48,98.15,179.61,353.6,157.345,116.305,45.245,44.705,104.085,71.625,74.485,270.695,179.98,158.385,52.135,133.07,117.295,157.09,54.935,95.985,66.045,36.735,80.245,140.92,132.665,224.05,48.795,123.78,88.06,70.045
77,240.39,98.175,179.605,353.425,157.4,116.3,45.255,44.705,104.08,71.615,74.495,270.775,180.01,158.37,52.155,133.13,117.23,157.06,54.955,95.985,66.005,36.745,80.225,140.875,132.73,224.04,48.825,123.83,88.025,70.045
78,240.535,98.195,179.51,353.435,157.465,116.34,45.255,44.705,104.09,71.62,74.535,270.98,180.085,158.375,52.175,133.13,117.285,157.13,54.975,95.955,66.035,36.765,80.205,140.91,132.68,223.975,48.825,123.875,88.05,70.05
79,240.615,98.27,179.565,353.635,157.445,116.36,45.265,44.695,104.115,71.665,74.565,270.69,180.23,158.425,52.185,133.17,117.31,157.125,54.985,95.975,66.055,36.755,80.195,140.975,132.755,223.995,48.855,123.925,88.075,70.08
80,240.555,98.175,179.485,353.535,157.395,116.28,45.245,44.685,104.185,71.62,74.515,270.435,180.16,158.39,52.135,133.18,117.245,157.02,54.985,95.965,66.045,36.745,80.195,140.92,132.69,223.995,48.845,123.86,88.07,70.095
81,240.62,98.19,179.465,353.635,157.385,116.235,45.255,44.685,104.165,71.6,74.525,270.44,180.315,158.375,52.145,133.2,117.275,157.05,54.995,95.945,66.095,36.755,80.205,140.92,132.685,224.03,48.865,123.875,88.08,70.12
82,240.56,98.19,179.465,353.645,157.475,116.205,45.245,44.695,104.17,71.6,74.535,270.44,180.33,158.375,52.135,133.2,117.255,157.05,55.005,95.915,66.075,36.755,80.195,140.92,132.745,224.06,48.895,123.875,88.07,70.125
83,240.565,98.185,179.465,353.735,157.505,116.195,45.255,44.715,104.155,71.615,74.495,270.48,180.41,158.42,52.125,133.24,117.205,157.135,55.015,95.965,66.065,36.765,80.185,140.91,132.71,224.045,48.915,123.9,88.085,70.14
84,240.59,98.16,179.465,353.87,157.505,116.22,45.255,44.725,104.175,71.635,74.475,270.33,180.44,158.41,52.115,133.28,117.225,157.055,55.025,95.955,66.035,36.785,80.195,140.915,132.72,224.03,48.905,123.9,88.055,70.135
85,240.525,98.155,179.415,353.835,157.425,116.225,45.265,44.735,104.155,71.63,74.475,270.3,180.64,158.445,52.105,133.245,117.285,157.01,55.025,96.025,66.045,36.765,80.185,140.91,132.755,224.03,48.915,123.895,88.125,70.145
86,240.525,98.125,179.405,353.815,157.31,116.29,45.275,44.735,104.175,71.675,74.485,270.24,180.68,158.44,52.095,133.235,117.295,157.11,55.025,96.025,66.035,36.775,80.135,140.83,132.725,224.005,48.925,123.89,88.105,70.14
87,240.695,98.2,179.385,354.195,157.485,116.37,45.295,44.735,104.175,71.72,74.485,270.56,180.795,158.5,52.095,133.195,117.405,157.24,55.005,96.165,66.045,36.725,80.145,140.875,132.755,224.06,48.935,123.96,88.155,70.15
88,240.615,98.2,179.375,354.095,157.46,116.385,45.275,44.715,104.16,71.71,74.455,270.405,180.86,158.46,52.105,133.23,117.405,157.225,54.995,96.175,66.045,36.725,80.175,140.765,132.675,224.055,48.925,123.945,88.145,70.155
89,240.76,98.25,179.435,354.165,157.56,116.49,45.285,44.715,104.175,71.82,74.535,270.29,180.94,158.525,52.155,133.29,117.46,157.15,55.025,96.195,66.055,36.755,80.215,140.81,132.755,224.075,48.965,123.975,88.175,70.195
90,240.745,98.29,179.395,354.065,157.505,116.475,45.325,44.725,104.205,71.81,74.515,270.155,180.985,158.465,52.145,133.295,117.495,157.235,55.055,96.195,66.105,36.775,80.235,140.915,132.77,224.08,48.985,124.005,88.175,70.225
91,240.73,98.285,179.41,353.905,157.395,116.415,45.335,44.725,104.205,71.79,74.485,270.07,181.075,158.49,52.155,133.305,117.455,157.195,55.055,96.145,66.085,36.765,80.215,140.89,132.74,224.095,48.985,124.07,88.235,70.22
92,240.665,98.275,179.375,354.085,157.355,116.375,45.335,44.715,104.13,71.78,74.455,270.3,181.085,158.44,52.175,133.36,117.485,157.15,55.065,96.185,66.085,36.775,80.195,140.855,132.725,224.08,48.985,123.99,88.21,70.175
93,240.69,98.3,179.425,354.34,157.475,116.39,45.345,44.705,104.14,71.775,74.455,270.445,181.055,158.475,52.205,133.435,117.505,157.24,55.075,96.195,66.065,36.765,80.175,140.89,132.715,224.05,48.965,124.025,88.22,70.175
94,240.685,98.28,179.465,354.44,157.515,116.405,45.355,44.685,104.17,71.755,74.445,270.375,180.945,158.48,52.215,133.38,117.475,157.275,55.075,96.185,66.055,36.755,80.105,140.9,132.745,224.045,48.965,124.025,88.205,70.165
95,240.665,98.275,179.435,354.415,157.53,116.42,45.345,44.685,104.175,71.765,74.475,270.385,180.955,158.495,52.185,133.31,117.495,157.29,55.065,96.165,66.075,36.745,80.125,140.905,132.72,224.025,48.955,124.02,88.165,70.105
96,240.69,98.21,179.365,354.06,157.565,116.385,45.325,44.665,104.185,71.745,74.435,270.1,181.03,158.485,52.145,133.215,117.405,157.235,55.045,96.135,66.075,36.725,80.135,140.85,132.715,224.035,48.945,123.97,88.175,70.115
97,240.705,98.195,179.425,354.185,157.485,116.315,45.345,44.665,104.245,71.765,74.405,270.1,181.175,158.51,52.165,133.175,117.375,157.255,55.065,96.185,66.115,36.735,80.14,140.875,132.71,224.045,48.915,123.99,88.235,70.1
98,240.59,98.2,179.425,354.335,157.455,116.295,45.355,44.655,104.26,71.77,74.395,270.37,181.245,158.515,52.195,133.195,117.405,157.28,55.085,96.175,66.115,36.745,80.125,140.86,132.72,224.13,48.925,123.99,88.225,70.17
99,240.48,98.155,179.365,354.255,157.335,116.255,45.325,44.655,104.22,71.72,74.365,270.305,181.095,158.42,52.175,133.165,117.285,157.345,55.065,96.145,66.095,36.725,80.125,140.81,132.63,224.095,48.875,123.95,88.165,70.155
100,240.49,98.13,179.29,354.4,157.39,116.285,45.325,44.645,104.205,71.695,74.325,270.125,181.155,158.42,52.175,133.115,117.295,157.365,55.045,96.125,66.085,36.705,80.135,140.815,132.555,224.065,48.895,123.99,88.185,70.175
101,240.51,98.165,179.325,354.49,157.47,116.305,45.325,44.645,104.235,71.735,74.325,270.155,181.165,158.445,52.195,133.05,117.265,157.4,55.045,96.075,66.085,36.705,80.165,140.87,132.61,224.095,48.905,124.015,88.175,70.205
102,240.455,98.175,179.29,354.345,157.52,116.375,45.335,44.635,104.225,71.715,74.375,270.005,181.14,158.46,52.165,133.015,117.305,157.385,55.055,96.065,66.055,36.705,80.16,140.875,132.575,224.09,48.895,124.03,88.17,70.185
103,240.445,98.15,179.245,354.085,157.46,116.455,45.345,44.635,104.25,71.725,74.445,269.925,181.145,158.49,52.155,133.035,117.285,157.355,55.055,96.055,66.045,36.715,80.185,140.93,132.54,224.095,48.875,124.065,88.135,70.185
104,240.42,98.135,179.24,353.965,157.535,116.475,45.335,44.645,104.245,71.705,74.445,269.73,181.02,158.54,52.145,133.035,117.205,157.35,55.055,96.075,66.055,36.715,80.185,140.86,132.52,224.025,48.885,124.055,88.095,70.195
105,240.64,98.205,179.255,354.075,157.585,116.505,45.345,44.655,104.29,71.75,74.48,269.84,180.99,158.645,52.145,133.09,117.305,157.405,55.075,96.065,66.055,36.695,80.205,140.965,132.535,224.11,48.905,124.06,88.125,70.185
106,240.775,98.3,179.25,354.21,157.59,116.51,45.365,44.645,104.31,71.805,74.475,269.985,180.95,158.84,52.185,133.125,117.395,157.445,55.095,96.125,66.095,36.715,80.225,141.025,132.595,224.11,48.905,124.07,88.135,70.21
107,240.845,98.365,179.26,354.19,157.615,116.59,45.365,44.655,104.305,71.805,74.505,270.11,180.985,158.84,52.175,133.155,117.465,157.445,55.105,96.145,66.055,36.715,80.235,141.005,132.645,224.21,48.895,124.085,88.135,70.2
108,240.82,98.38,179.29,354.21,157.62,116.665,45.375,44.655,104.3,71.8,74.495,270.065,181.045,158.85,52.175,133.175,117.48,157.535,55.095,96.135,66.065,36.715,80.235,141.01,132.705,224.31,48.905,124.085,88.135,70.23
109,240.76,98.375,179.335,354.095,157.605,116.7,45.365,44.655,104.26,71.78,74.485,269.93,180.99,158.885,52.185,133.255,117.465,157.44,55.105,96.135,66.075,36.725,80.225,140.95,132.73,224.32,48.915,124.095,88.13,70.205
110,240.8,98.345,179.345,354.04,157.6,116.715,45.375,44.655,104.29,71.795,74.505,269.96,181.025,158.895,52.195,133.23,117.475,157.365,55.115,96.165,66.075,36.735,80.235,141.005,132.735,224.335,48.925,124.1,88.155,70.225
111,240.835,98.39,179.445,354.12,157.65,116.74,45.385,44.655,104.28,71.84,74.505,269.92,181.09,158.9,52.205,133.24,117.54,157.375,55.135,96.185,66.085,36.735,80.215,141.07,132.74,224.375,48.925,124.15,88.145,70.24
112,240.79,98.365,179.36,353.965,157.595,116.805,45.365,44.655,104.26,71.82,74.525,269.88,181.085,158.79,52.165,133.15,117.535,157.26,55.115,96.125,66.075,36.725,80.215,141.14,132.715,224.375,48.915,124.115,88.145,70.235
113,240.61,98.305,179.33,353.745,157.525,116.715,45.335,44.655,104.2,71.775,74.495,269.655,181.15,158.75,52.135,133.075,117.495,157.2,55.105,96.075,66.035,36.715,80.205,141.135,132.725,224.365,48.925,124.045,88.125,70.245
114,240.51,98.3,179.235,353.535,157.405,116.605,45.305,44.645,104.155,71.77,74.475,269.58,181.135,158.735,52.135,133.02,117.485,157.175,55.095,96.035,66.005,36.695,80.185,141.085,132.69,224.3,48.895,124.035,88.095,70.225
115,240.54,98.32,179.265,353.515,157.395,116.57,45.315,44.645,104.12,71.77,74.465,269.825,181.16,158.78,52.155,133.015,117.555,157.225,55.075,96.045,66.015,36.695,80.165,141.185,132.71,224.275,48.895,124.06,88.135,70.24
116,240.515,98.35,179.24,353.47,157.255,116.605,45.305,44.635,104.115,71.755,74.465,269.765,181.16,158.785,52.145,132.975,117.525,157.185,55.065,96.015,66.045,36.675,80.145,141.19,132.685,224.285,48.855,124.11,88.135,70.245
117,240.475,98.325,179.265,353.415,157.225,116.635,45.295,44.635,104.11,71.725,74.475,269.645,181.165,158.77,52.165,132.975,117.455,157.125,55.065,96.045,66.025,36.685,80.155,141.28,132.705,224.32,48.885,124.14,88.115,70.25
118,240.52,98.32,179.335,353.335,157.32,116.625,45.295,44.635,104.115,71.725,74.475,269.555,181.205,158.81,52.145,133.015,117.485,157.165,55.095,96.1,66.045,36.715,80.195,141.29,132.72,224.315,48.855,124.13,88.145,70.25
119,240.57,98.29,179.22,353.565,157.36,116.54,45.295,44.635,104.1,71.72,74.435,269.415,181.24,158.79,52.135,133.005,117.475,157.17,55.105,96.115,66.01,36.715,80.205,141.295,132.74,224.425,48.835,124.08,88.135,70.265
120,240.65,98.3,179.23,353.68,157.395,116.415,45.295,44.615,104.085,71.69,74.415,269.365,181.26,158.72,52.145,133.035,117.455,157.195,55.135,96.125,66.015,36.725,80.195,141.32,132.71,224.565,48.815,124.095,88.165,70.26
121,240.795,98.305,179.225,353.835,157.49,116.41,45.295,44.615,104.025,71.7,74.415,269.565,181.29,158.625,52.145,133.01,117.535,157.19,55.125,96.135,66.045,36.725,80.225,141.355,132.73,224.8,48.845,124.06,88.195,70.295
122,240.825,98.305,179.225,353.84,157.465,116.46,45.295,44.615,103.96,71.695,74.375,269.64,181.24,158.55,52.175,132.94,117.56,157.2,55.085,96.115,66.055,36.725,80.215,141.375,132.725,224.795,48.835,124.01,88.155,70.29
123,240.85,98.35,179.255,353.995,157.515,116.46,45.305,44.615,103.97,71.755,74.345,269.795,181.245,158.58,52.185,132.965,117.585,157.285,55.055,96.115,66.055,36.715,80.205,141.375,132.74,224.945,48.835,124.005,88.135,70.25
124,240.765,98.345,179.245,353.95,157.56,116.515,45.315,44.615,103.93,71.76,74.365,269.86,181.26,158.555,52.195,132.955,117.565,157.305,55.065,96.085,66.055,36.715,80.185,141.37,132.69,224.92,48.825,124.055,88.125,70.235
125,240.6,98.285,178.995,353.68,157.47,116.545,45.295,44.615,103.905,71.73,74.395,269.675,181.23,158.515,52.165,132.925,117.485,157.27,55.055,96.065,66.025,36.695,80.175,141.28,132.615,225.17,48.815,124.06,88.175,70.225
126,240.54,98.275,178.995,353.645,157.465,116.485,45.285,44.615,103.905,71.72,74.385,269.49,181.23,158.48,52.165,132.94,117.475,157.235,55.055,96.065,66.045,36.695,80.195,141.225,132.655,225.345,48.815,124.075,88.155,70.215
127,240.555,98.29,178.985,353.8,157.565,116.555,45.285,44.625,103.94,71.715,74.405,269.53,181.225,158.49,52.165,132.96,117.485,157.22,55.065,96.065,66.035,36.695,80.195,141.255,132.67,225.355,48.835,124.125,88.135,70.22
128,240.53,98.35,179.125,353.93,157.645,116.595,45.285,44.645,103.91,71.74,74.395,269.51,181.315,158.56,52.175,132.97,117.555,157.265,55.055,96.065,66.035,36.715,80.225,141.275,132.695,225.52,48.835,124.2,88.165,70.205
129,240.36,98.29,179.035,353.68,157.525,116.56,45.275,44.635,103.86,71.71,74.345,269.305,181.325,158.435,52.165,132.975,117.485,157.25,55.055,96.045,66.035,36.715,80.205,141.19,132.595,225.53,48.825,124.15,88.195,70.215
130,240.305,98.295,179.075,353.57,157.46,116.5,45.275,44.635,103.85,71.73,74.335,269.37,181.385,158.495,52.175,132.975,117.505,157.25,55.045,96.055,66.045,36.695,80.205,141.175,132.565,225.57,48.835,124.185,88.225,70.22
131,240.25,98.295,179.15,353.59,157.455,116.575,45.295,44.635,103.815,71.75,74.395,269.245,181.4,158.52,52.195,132.99,117.455,157.24,55.045,96.025,66.065,36.695,80.205,141.2,132.615,225.575,48.835,124.21,88.235,70.215
132,240.335,98.275,179.115,353.64,157.38,116.565,45.305,44.625,103.83,71.745,74.385,269.15,181.37,158.52,52.205,132.96,117.455,157.27,55.045,96.005,66.045,36.695,80.205,141.2,132.595,225.58,48.845,124.205,88.205,70.205
133,240.22,98.225,179.065,353.37,157.315,116.535,45.295,44.625,103.83,71.7,74.355,269.175,181.37,158.425,52.175,132.875,117.435,157.175,54.985,96.005,66.035,36.685,80.185,141.18,132.56,225.56,48.835,124.2,88.185,70.235
134,240.47,98.3,179.175,353.82,157.485,116.64,45.315,44.615,103.885,71.74,74.375,269.34,181.48,158.55,52.195,132.95,117.485,157.23,54.995,96.065,66.085,36.705,80.165,141.235,132.63,225.655,48.835,124.23,88.23,70.285
135,240.51,98.315,179.195,353.66,157.415,116.625,45.335,44.615,103.915,71.73,74.365,269.455,181.475,158.56,52.195,132.985,117.515,157.265,55.015,96.085,66.065,36.715,80.185,141.28,132.5,225.695,48.835,124.245,88.255,70.285
136,240.525,98.32,179.2,353.585,157.36,116.615,45.325,44.615,103.915,71.73,74.345,269.545,181.54,158.59,52.165,133.02,117.525,157.3,55.015,96.075,66.105,36.715,80.175,141.335,132.49,225.67,48.845,124.26,88.275,70.33
137,240.675,98.35,179.27,353.74,157.51,116.655,45.345,44.615,103.955,71.765,74.345,269.675,181.49,158.655,52.175,133.055,117.575,157.37,55.005,96.095,66.115,36.725,80.195,141.37,132.5,225.71,48.875,124.275,88.295,70.325
138,240.785,98.395,179.245,353.875,157.575,116.625,45.365,44.645,103.935,71.775,74.305,269.915,181.52,158.675,52.225,133.085,117.585,157.42,55.015,96.115,66.125,36.745,80.195,141.4,132.52,225.74,48.885,124.29,88.29,70.34
139,240.855,98.355,179.275,353.955,157.575,116.675,45.365,44.675,103.925,71.77,74.285,269.92,181.525,158.74,52.185,133.105,117.595,157.455,55.035,96.095,66.145,36.745,80.185,141.51,132.595,225.785,48.895,124.235,88.285,70.325
140,240.87,98.31,179.295,353.96,157.66,116.675,45.355,44.675,103.925,71.785,74.295,269.67,181.455,158.715,52.195,133.155,117.545,157.255,55.035,96.075,66.115,36.745,80.185,141.46,132.6,225.73,48.895,124.16,88.275,70.325
141,240.88,98.305,179.29,353.875,157.64,116.675,45.355,44.675,103.93,71.795,74.295,269.645,181.48,158.72,52.205,133.215,117.595,157.245,55.035,96.095,66.125,36.755,80.185,141.475,132.53,225.795,48.885,124.1,88.295,70.355
142,240.91,98.305,179.315,354.035,157.61,116.625,45.355,44.685,103.925,71.795,74.285,269.665,181.43,158.71,52.215,133.255,117.615,157.24,55.055,96.095,66.135,36.755,80.175,141.485,132.53,225.845,48.895,124.16,88.305,70.345
143,240.9,98.28,179.335,354.015,157.615,116.705,45.375,44.685,103.935,71.785,74.325,269.805,181.46,158.7,52.245,133.295,117.645,157.16,55.065,96.125,66.155,36.755,80.195,141.525,132.56,225.765,48.915,124.23,88.295,70.33
144,240.92,98.27,179.335,354.065,157.59,116.715,45.385,44.695,103.945,71.775,74.355,269.72,181.47,158.695,52.255,133.33,117.635,157.225,55.065,96.105,66.155,36.755,80.195,141.53,132.605,225.745,48.915,124.25,88.295,70.325
145,240.915,98.26,179.255,354.135,157.575,116.695,45.365,44.685,103.97,71.78,74.315,269.665,181.515,158.77,52.255,133.345,117.625,157.275,55.025,96.105,66.175,36.745,80.205,141.525,132.66,225.735,48.885,124.295,88.295,70.33
146,240.97,98.25,179.235,354.165,157.56,116.615,45.385,44.695,104.015,71.78,74.275,269.685,181.555,158.805,52.235,133.35,117.615,157.35,55.025,96.115,66.175,36.755,80.205,141.575,132.735,225.76,48.885,124.31,88.305,70.325
147,241.01,98.29,179.195,354.34,157.61,116.7,45.385,44.715,104.04,71.795,74.325,269.92,181.65,158.825,52.245,133.425,117.695,157.365,55.055,96.135,66.185,36.775,80.225,141.63,132.77,225.77,48.905,124.295,88.335,70.365
148,240.955,98.245,179.205,354.095,157.49,116.635,45.375,44.725,104.02,71.79,74.285,269.8,181.59,158.79,52.225,133.335,117.665,157.35,55.055,96.135,66.175,36.775,80.245,141.59,132.675,225.845,48.885,124.28,88.325,70.345
149,240.995,98.22,179.275,354.445,157.58,116.7,45.395,44.725,104.075,71.805,74.295,269.755,181.73,158.82,52.235,133.3,117.695,157.35,55.055,96.155,66.205,36.785,80.235,141.625,132.775,225.92,48.895,124.27,88.305,70.37
150,240.975,98.245,179.34,354.425,157.64,116.755,45.375,44.725,104.115,71.795,74.33,269.85,181.745,158.855,52.275,133.32,117.735,157.355,55.075,96.155,66.215,36.785,80.235,141.66,132.835,226.025,48.88,124.295,88.295,70.38
151,240.825,98.19,179.15,354.245,157.56,116.73,45.345,44.695,104.095,71.78,74.295,269.66,181.74,158.8,52.235,133.255,117.695,157.3,55.065,96.135,66.175,36.785,80.205,141.59,132.8,226.105,48.845,124.28,88.275,70.365
152,240.885,98.2,179.215,354.375,157.725,116.77,45.375,44.695,104.11,71.8,74.315,269.835,181.815,158.82,52.265,133.33,117.745,157.38,55.075,96.155,66.205,36.775,80.215,141.58,132.92,226.235,48.835,124.25,88.315,70.395
153,240.9,98.25,179.195,354.475,157.75,116.82,45.375,44.705,104.115,71.82,74.335,269.82,181.805,158.88,52.275,133.4,117.775,157.425,55.085,96.125,66.195,36.755,80.205,141.62,132.945,226.315,48.845,124.31,88.315,70.385
154,240.97,98.3,179.135,354.665,157.665,116.72,45.365,44.715,104.105,71.81,74.275,269.835,181.775,158.815,52.255,133.455,117.795,157.465,55.085,96.145,66.185,36.765,80.215,141.645,132.985,226.24,48.875,124.325,88.315,70.375
155,240.99,98.315,179.175,354.655,157.665,116.765,45.375,44.725,104.175,71.83,74.275,269.955,181.785,158.83,52.235,133.44,117.855,157.46,55.065,96.155,66.205,36.755,80.205,141.715,132.875,226.23,48.895,124.375,88.335,70.365
156,240.98,98.325,179.165,354.645,157.65,116.755,45.375,44.715,104.135,71.83,74.285,270.095,181.79,158.835,52.215,133.335,117.855,157.44,55.055,96.175,66.205,36.755,80.185,141.72,132.89,226.33,48.895,124.395,88.335,70.36
157,241.03,98.32,179.15,354.75,157.635,116.785,45.385,44.715,104.09,71.835,74.305,270.11,181.78,158.855,52.245,133.305,117.825,157.38,55.055,96.225,66.225,36.755,80.185,141.71,132.965,226.26,48.895,124.385,88.355,70.335
158,240.945,98.27,179.095,354.555,157.545,116.675,45.355,44.715,104.065,71.815,74.275,269.94,181.7,158.83,52.205,133.3,117.725,157.325,55.045,96.215,66.175,36.745,80.195,141.69,132.93,226.2,48.885,124.35,88.335,70.305
159,241,98.24,179.125,354.705,157.65,116.63,45.375,44.675,104.045,71.875,74.295,269.895,181.64,158.895,52.225,133.305,117.735,157.44,55.045,96.235,66.165,36.745,80.175,141.69,132.97,226.29,48.885,124.345,88.315,70.275
160,240.96,98.24,179.13,354.715,157.69,116.605,45.385,44.685,104.055,71.895,74.305,269.86,181.7,158.905,52.235,133.295,117.695,157.505,55.045,96.195,66.165,36.745,80.175,141.7,132.975,226.32,48.885,124.32,88.355,70.285
161,241.01,98.23,179.105,354.6,157.735,116.575,45.385,44.695,103.985,71.895,74.325,269.82,181.76,158.88,52.195,133.265,117.655,157.55,55.035,96.195,66.205,36.745,80.185,141.7,133.015,226.335,48.885,124.295,88.355,70.325
162,241.03,98.24,179.1,354.735,157.75,116.555,45.405,44.715,103.98,71.885,74.325,269.85,181.78,158.9,52.215,133.405,117.685,157.615,55.055,96.245,66.205,36.765,80.205,141.71,133.035,226.295,48.915,124.335,88.375,70.365
163,241.03,98.24,179.125,354.64,157.755,116.585,45.405,44.725,103.97,71.865,74.345,269.77,181.785,158.92,52.165,133.405,117.63,157.55,55.055,96.245,66.205,36.765,80.215,141.725,132.99,226.235,48.915,124.355,88.395,70.37
164,241.055,98.25,179.085,354.58,157.71,116.585,45.415,44.725,104.015,71.865,74.325,269.83,181.785,158.92,52.165,133.4,117.635,157.56,55.055,96.245,66.245,36.755,80.215,141.685,133.015,226.14,48.915,124.37,88.395,70.37
165,241.11,98.27,179.085,354.48,157.685,116.595,45.415,44.725,104.045,71.85,74.325,269.87,181.74,158.915,52.165,133.4,117.615,157.555,55.045,96.215,66.235,36.755,80.235,141.69,132.96,226.24,48.905,124.365,88.375,70.36
166,241.11,98.29,179.025,354.505,157.64,116.585,45.405,44.725,104.075,71.845,74.325,269.86,181.705,158.915,52.145,133.35,117.565,157.59,55.045,96.185,66.235,36.755,80.235,141.695,132.955,226.335,48.895,124.35,88.385,70.34
167,240.89,98.295,178.995,354.27,157.55,116.58,45.395,44.715,104.055,71.835,74.325,269.92,181.65,158.98,52.145,133.2,117.565,157.6,55.035,96.165,66.235,36.735,80.225,141.655,132.955,226.205,48.895,124.32,88.355,70.345
168,240.77,98.395,179.075,354.145,157.635,116.64,45.435,44.725,104.07,71.865,74.375,270.15,181.75,159,52.165,133.32,117.705,157.695,55.045,96.215,66.275,36.755,80.235,141.71,132.99,226.215,48.915,124.32,88.375,70.355
169,240.74,98.39,179.07,354.185,157.565,116.565,45.405,44.735,104.055,71.845,74.335,269.955,181.725,158.915,52.125,133.275,117.615,157.685,55.045,96.195,66.255,36.755,80.225,141.73,132.975,226.21,48.915,124.285,88.365,70.36
170,240.645,98.44,179.015,353.895,157.475,116.485,45.415,44.735,104.05,71.825,74.315,270.12,181.68,158.91,52.115,133.31,117.66,157.645,55.035,96.175,66.205,36.745,80.225,141.765,132.935,226.15,48.905,124.265,88.335,70.33
171,240.66,98.44,179.095,353.94,157.475,116.505,45.415,44.735,104.06,71.81,74.325,270.11,181.685,158.85,52.115,133.32,117.66,157.56,55.045,96.175,66.205,36.745,80.245,141.745,132.95,226.215,48.905,124.245,88.345,70.34
172,240.68,98.49,179.145,354.085,157.575,116.525,45.405,44.725,104.08,71.835,74.325,270.225,181.72,158.92,52.155,133.39,117.715,157.65,55.095,96.195,66.235,36.765,80.235,141.795,132.96,226.165,48.905,124.295,88.355,70.37
173,240.645,98.46,179.225,354.195,157.5,116.495,45.415,44.715,104.04,71.855,74.305,270.205,181.63,158.915,52.135,133.35,117.695,157.57,55.085,96.185,66.245,36.765,80.215,141.76,132.98,226.03,48.885,124.285,88.345,70.365
174,240.69,98.485,179.245,354.22,157.55,116.555,45.415,44.715,104.025,71.875,74.325,270.17,181.635,159.005,52.115,133.42,117.725,157.58,55.085,96.195,66.275,36.775,80.225,141.76,132.955,226.035,48.885,124.41,88.355,70.365
175,240.695,98.48,179.26,354.055,157.53,116.525,45.415,44.695,104.01,71.865,74.315,270.155,181.435,159.11,52.135,133.415,117.725,157.49,55.085,96.215,66.275,36.785,80.205,141.69,132.95,225.965,48.885,124.39,88.28,70.335
176,240.59,98.47,179.23,353.885,157.41,116.525,45.405,44.685,103.975,71.825,74.315,270.02,181.345,159.06,52.145,133.29,117.675,157.455,55.065,96.185,66.26,36.765,80.205,141.685,132.93,225.86,48.875,124.395,88.245,70.325
177,240.585,98.465,179.195,353.79,157.395,116.575,45.405,44.695,103.96,71.87,74.335,269.97,181.35,159.105,52.125,133.3,117.655,157.51,55.065,96.165,66.225,36.765,80.215,141.66,132.905,225.915,48.875,124.395,88.235,70.295
178,240.78,98.53,179.29,354.03,157.58,116.645,45.435,44.715,104.045,71.905,74.345,270.105,181.425,159.165,52.195,133.405,117.775,157.63,55.105,96.245,66.255,36.805,80.245,141.74,133,226.085,48.895,124.495,88.275,70.335
179,240.775,98.49,179.345,353.995,157.53,116.59,45.455,44.705,104.08,71.895,74.335,270.065,181.445,159.1,52.185,133.39,117.785,157.64,55.105,96.245,66.205,36.815,80.235,141.72,133,226.1,48.895,124.435,88.255,70.325
180,240.84,98.51,179.365,353.875,157.52,116.57,45.445,44.715,104.085,71.885,74.325,270.095,181.48,159.095,52.185,133.435,117.795,157.59,55.125,96.255,66.215,36.835,80.245,141.715,133.02,226.115,48.885,124.475,88.255,70.305
181,240.85,98.6,179.38,353.87,157.545,116.565,45.455,44.715,104.115,71.875,74.315,270.2,181.5,158.995,52.185,133.445,117.805,157.605,55.135,96.255,66.235,36.835,80.245,141.74,133.005,226.065,48.895,124.5,88.275,70.325
182,240.905,98.56,179.415,353.85,157.585,116.525,45.465,44.725,104.13,71.865,74.295,270.11,181.515,159.01,52.145,133.425,117.805,157.66,55.135,96.255,66.22,36.835,80.245,141.74,133.035,226.125,48.905,124.46,88.285,70.325
183,240.915,98.58,179.415,354.01,157.595,116.52,45.435,44.725,104.115,71.845,74.305,270.155,181.54,158.95,52.145,133.425,117.845,157.575,55.145,96.265,66.205,36.825,80.225,141.74,133.03,226.055,48.915,124.495,88.255,70.32
184,240.84,98.585,179.375,353.885,157.61,116.485,45.415,44.705,104.095,71.825,74.305,270.05,181.5,158.925,52.135,133.33,117.835,157.57,55.105,96.215,66.18,36.805,80.205,141.725,132.995,226.055,48.885,124.465,88.205,70.3
185,240.825,98.62,179.455,354.08,157.66,116.545,45.445,44.705,104.14,71.845,74.295,270.05,181.59,158.99,52.135,133.32,117.865,157.63,55.105,96.265,66.215,36.805,80.205,141.685,133.07,226.085,48.885,124.48,88.245,70.32
186,240.805,98.64,179.435,353.965,157.59,116.555,45.405,44.695,104.125,71.845,74.295,269.99,181.585,158.96,52.125,133.275,117.855,157.655,55.095,96.205,66.165,36.795,80.195,141.68,133.045,225.965,48.865,124.46,88.275,70.315
187,240.79,98.66,179.47,353.805,157.46,116.555,45.425,44.675,104.105,71.79,74.295,270.02,181.5,158.925,52.115,133.275,117.865,157.65,55.085,96.205,66.155,36.785,80.175,141.675,133.01,225.925,48.835,124.43,88.275,70.315
188,240.815,98.705,179.435,353.76,157.47,116.575,45.435,44.695,104.125,71.785,74.295,270.145,181.575,158.935,52.105,133.295,117.865,157.63,55.095,96.195,66.155,36.795,80.195,141.765,133.04,225.985,48.825,124.445,88.295,70.335
189,240.82,98.705,179.44,353.58,157.45,116.585,45.425,44.685,104.105,71.755,74.295,270.06,181.51,158.965,52.055,133.305,117.835,157.62,55.085,96.185,66.125,36.785,80.195,141.75,132.99,225.925,48.815,124.42,88.305,70.315
190,240.83,98.73,179.485,353.75,157.475,116.585,45.405,44.675,104.105,71.775,74.285,270.045,181.47,158.995,52.055,133.3,117.765,157.585,55.085,96.195,66.115,36.785,80.195,141.685,133.02,225.98,48.815,124.45,88.265,70.285
191,240.735,98.685,179.495,353.68,157.485,116.585,45.415,44.665,104.1,71.75,74.285,269.98,181.415,159.065,52.055,133.3,117.705,157.6,55.085,96.185,66.125,36.775,80.165,141.645,132.985,225.86,48.795,124.455,88.265,70.275
192,240.765,98.68,179.505,353.87,157.475,116.585,45.415,44.665,104.1,71.765,74.275,269.865,181.4,159.105,52.045,133.315,117.695,157.645,55.065,96.195,66.125,36.775,80.165,141.62,132.99,225.855,48.795,124.42,88.275,70.275
193,240.815,98.73,179.505,353.8,157.485,116.635,45.395,44.665,104.095,71.765,74.275,269.785,181.375,159.155,52.025,133.345,117.735,157.635,55.065,96.175,66.135,36.775,80.145,141.62,132.99,225.935,48.785,124.415,88.275,70.275
194,240.79,98.795,179.485,353.735,157.43,116.675,45.405,44.655,104.095,71.735,74.265,269.86,181.365,159.215,52.045,133.395,117.745,157.62,55.065,96.195,66.115,36.785,80.135,141.695,132.995,226.04,48.795,124.41,88.265,70.235
195,240.795,98.79,179.505,353.655,157.38,116.665,45.405,44.675,104.1,71.755,74.225,269.955,181.37,159.28,52.035,133.4,117.76,157.585,55.075,96.175,66.115,36.785,80.145,141.67,132.96,226.1,48.795,124.42,88.295,70.265
196,240.735,98.75,179.455,353.67,157.345,116.635,45.385,44.675,104.085,71.77,74.215,269.84,181.335,159.28,52.005,133.32,117.735,157.49,55.065,96.165,66.105,36.785,80.105,141.66,132.94,225.905,48.795,124.385,88.295,70.255
197,240.74,98.775,179.475,353.625,157.365,116.695,45.405,44.675,104.095,71.785,74.235,269.92,181.465,159.29,52.045,133.345,117.765,157.5,55.075,96.175,66.105,36.795,80.115,141.67,132.915,226.07,48.795,124.38,88.295,70.255
198,240.695,98.81,179.525,353.65,157.38,116.705,45.415,44.675,104.085,71.805,74.245,270.125,181.45,159.375,52.055,133.38,117.815,157.515,55.075,96.175,66.125,36.815,80.115,141.705,132.925,226.175,48.805,124.38,88.305,70.275
199,240.655,98.78,179.515,353.555,157.31,116.66,45.405,44.675,104.055,71.805,74.245,270.095,181.455,159.375,52.045,133.395,117.795,157.495,55.075,96.155,66.135,36.815,80.105,141.695,132.895,226.255,48.815,124.335,88.305,70.25
200,240.54,98.805,179.535,353.445,157.315,116.585,45.415,44.675,104.04,71.775,74.225,270.275,181.435,159.325,52.065,133.385,117.825,157.42,55.075,96.165,66.135,36.815,80.105,141.795,132.85,226.26,48.815,124.38,88.325,70.25
201,240.495,98.855,179.495,353.47,157.305,116.615,45.425,44.675,104.045,71.795,74.225,270.265,181.605,159.365,52.085,133.465,117.855,157.45,55.095,96.175,66.155,36.835,80.115,141.85,132.86,226.305,48.805,124.425,88.32,70.255
202,240.55,98.91,179.505,353.68,157.34,116.665,45.435,44.675,104.055,71.81,74.225,270.275,181.655,159.4,52.085,133.495,117.895,157.39,55.105,96.165,66.185,36.845,80.115,141.91,132.905,226.355,48.795,124.44,88.335,70.25
203,240.475,98.875,179.48,353.525,157.3,116.665,45.435,44.665,104.045,71.805,74.225,270.285,181.635,159.365,52.075,133.51,117.905,157.32,55.095,96.175,66.185,36.835,80.095,141.895,132.88,226.365,48.805,124.475,88.345,70.28
204,240.49,98.86,179.485,353.66,157.26,116.625,45.445,44.675,104.08,71.83,74.215,270.325,181.63,159.35,52.085,133.545,117.925,157.31,55.125,96.205,66.205,36.835,80.085,141.97,132.905,226.395,48.795,124.515,88.345,70.255
205,240.555,98.88,179.515,353.655,157.26,116.635,45.455,44.675,104.12,71.85,74.215,270.345,181.685,159.33,52.065,133.585,117.965,157.36,55.135,96.205,66.225,36.845,80.095,141.985,132.9,226.455,48.805,124.56,88.345,70.265
206,240.665,98.88,179.585,353.825,157.305,116.735,45.475,44.675,104.145,71.89,74.275,270.28,181.745,159.39,52.085,133.61,117.945,157.44,55.145,96.235,66.225,36.865,80.105,141.94,132.94,226.49,48.775,124.63,88.355,70.27
207,240.715,98.87,179.575,353.93,157.34,116.685,45.465,44.705,104.155,71.895,74.275,270.295,181.8,159.46,52.095,133.64,117.945,157.47,55.145,96.255,66.235,36.865,80.075,141.925,132.95,226.435,48.775,124.68,88.395,70.26
208,240.795,98.88,179.685,354.005,157.425,116.675,45.485,44.705,104.18,71.905,74.275,270.255,181.805,159.475,52.115,133.68,118.035,157.475,55.165,96.335,66.235,36.865,80.075,141.945,132.995,226.39,48.775,124.715,88.425,70.27
209,240.805,98.91,179.665,354.045,157.44,116.66,45.485,44.695,104.185,71.925,74.255,270.42,181.83,159.48,52.115,133.64,118.045,157.475,55.155,96.315,66.225,36.865,80.065,142.015,133.025,226.37,48.785,124.755,88.415,70.265
210,240.8,98.905,179.665,353.91,157.415,116.765,45.485,44.685,104.175,71.915,74.245,270.415,181.785,159.49,52.105,133.64,118.025,157.395,55.145,96.285,66.215,36.865,80.065,142.055,132.96,226.435,48.775,124.7,88.385,70.23
211,240.805,98.91,179.645,353.96,157.4,116.775,45.495,44.705,104.185,71.945,74.275,270.385,181.805,159.445,52.125,133.665,118.035,157.44,55.155,96.285,66.245,36.865,80.105,142.035,132.96,226.44,48.795,124.765,88.415,70.26
212,240.64,98.87,179.545,353.81,157.335,116.755,45.515,44.705,104.185,71.935,74.265,270.46,181.81,159.395,52.115,133.55,117.985,157.42,55.135,96.235,66.225,36.855,80.105,141.97,132.935,226.37,48.795,124.75,88.385,70.275
213,240.61,98.83,179.555,353.685,157.31,116.785,45.515,44.705,104.16,71.915,74.295,270.385,181.875,159.4,52.105,133.535,118,157.42,55.125,96.215,66.195,36.845,80.105,141.995,132.895,226.35,48.795,124.585,88.385,70.25
214,240.565,98.785,179.565,353.56,157.275,116.775,45.485,44.685,104.14,71.905,74.295,270.3,181.87,159.385,52.085,133.47,117.975,157.39,55.105,96.205,66.215,36.835,80.095,141.985,132.905,226.235,48.775,124.585,88.355,70.215
215,240.55,98.765,179.565,353.455,157.28,116.79,45.505,44.695,104.16,71.915,74.295,270.16,181.725,159.32,52.095,133.495,117.925,157.355,55.105,96.225,66.215,36.835,80.105,141.975,132.905,226.215,48.785,124.565,88.38,70.21
216,240.535,98.675,179.48,353.305,157.305,116.785,45.485,44.695,104.155,71.895,74.295,270.025,181.725,159.33,52.035,133.55,117.885,157.285,55.105,96.205,66.245,36.835,80.105,141.92,132.87,226.14,48.795,124.505,88.365,70.21
217,240.495,98.62,179.42,353.355,157.235,116.745,45.455,44.675,104.145,71.885,74.285,269.965,181.655,159.3,51.985,133.51,117.845,157.235,55.085,96.185,66.215,36.815,80.095,141.82,132.85,226.035,48.785,124.465,88.325,70.205
218,240.525,98.615,179.375,353.15,157.19,116.765,45.455,44.675,104.14,71.885,74.295,269.98,181.625,159.35,51.935,133.48,117.875,157.245,55.085,96.185,66.225,36.815,80.105,141.91,132.805,226.145,48.785,124.48,88.34,70.215
219,240.53,98.59,179.395,353.34,157.22,116.725,45.455,44.685,104.17,71.915,74.295,269.82,181.635,159.385,51.925,133.51,117.835,157.31,55.095,96.185,66.235,36.815,80.105,142.01,132.84,226.125,48.775,124.52,88.33,70.24
220,240.525,98.505,179.405,353.2,157.16,116.665,45.435,44.675,104.11,71.88,74.275,269.48,181.52,159.325,51.905,133.485,117.77,157.26,55.095,96.175,66.245,36.795,80.075,141.87,132.79,225.945,48.735,124.46,88.325,70.215
221,240.445,98.505,179.385,353.24,157.135,116.65,45.455,44.675,104.125,71.91,74.265,269.435,181.485,159.28,51.915,133.4,117.795,157.18,55.065,96.165,66.245,36.785,80.045,141.87,132.795,226.005,48.735,124.47,88.31,70.23
222,240.375,98.475,179.335,353.045,157.08,116.635,45.455,44.675,104.115,71.915,74.245,269.415,181.415,159.29,51.925,133.425,117.775,157.15,55.045,96.13,66.235,36.785,80.035,141.815,132.77,225.925,48.705,124.455,88.265,70.21
223,240.45,98.49,179.435,353.22,157.18,116.685,45.475,44.675,104.14,71.945,74.245,269.515,181.41,159.38,51.985,133.5,117.835,157.14,55.085,96.165,66.285,36.785,80.035,141.86,132.815,226.015,48.705,124.415,88.305,70.28
224,240.49,98.5,179.43,353.21,157.27,116.755,45.475,44.675,104.145,71.96,74.235,269.65,181.44,159.43,51.965,133.485,117.875,157.13,55.085,96.175,66.295,36.785,80.045,141.95,132.85,226.12,48.705,124.46,88.315,70.29
225,240.435,98.525,179.365,353.07,157.31,116.85,45.465,44.675,104.13,71.965,74.225,269.84,181.365,159.41,51.995,133.505,117.845,157.125,55.085,96.175,66.295,36.795,80.065,142.04,132.85,226.155,48.705,124.465,88.295,70.295
226,240.38,98.525,179.405,353.28,157.295,116.86,45.465,44.665,104.105,71.965,74.225,269.93,181.305,159.365,51.995,133.54,117.835,157.13,55.095,96.195,66.285,36.795,80.065,142.14,132.915,226.085,48.705,124.465,88.295,70.31
227,240.355,98.555,179.475,353.35,157.285,116.855,45.455,44.655,104.125,71.955,74.215,269.975,181.28,159.415,51.985,133.52,117.885,157.055,55.115,96.205,66.305,36.795,80.045,142.28,132.895,226.145,48.705,124.51,88.305,70.31
228,240.405,98.575,179.515,353.575,157.32,116.92,45.435,44.685,104.13,72.01,74.225,270.055,181.29,159.46,51.985,133.575,117.925,157.09,55.115,96.235,66.305,36.795,80.055,142.235,132.985,226.195,48.725,124.54,88.355,70.31
229,240.4,98.575,179.575,353.49,157.345,116.945,45.435,44.675,104.155,72.015,74.225,270.08,181.16,159.465,51.995,133.47,117.915,157.075,55.115,96.255,66.295,36.795,80.035,142.21,132.99,226.2,48.725,124.555,88.375,70.305
230,240.3,98.53,179.555,353.44,157.32,116.955,45.405,44.675,104.125,72.005,74.225,269.95,181.15,159.37,51.975,133.385,117.855,157.07,55.105,96.195,66.285,36.785,80.015,142.27,133.03,226.22,48.715,124.49,88.345,70.3
231,240.265,98.5,179.575,353.51,157.28,116.915,45.405,44.665,104.14,71.995,74.225,269.915,181.165,159.335,51.975,133.35,117.805,157.09,55.095,96.175,66.255,36.775,79.985,142.345,133.06,226.215,48.705,124.46,88.325,70.31
232,240.26,98.505,179.575,353.495,157.23,116.94,45.395,44.655,104.14,71.995,74.245,269.935,181.22,159.385,51.975,133.365,117.775,157.125,55.095,96.235,66.255,36.775,80.005,142.3,133.035,226.23,48.715,124.47,88.335,70.3
233,240.305,98.565,179.595,353.68,157.355,117.005,45.425,44.685,104.17,72.045,74.305,270.035,181.24,159.39,51.995,133.41,117.755,157.175,55.115,96.265,66.265,36.775,80.065,142.32,133.115,226.33,48.725,124.5,88.355,70.325
234,240.38,98.605,179.565,353.615,157.37,117.015,45.425,44.675,104.18,72.065,74.335,270.16,181.305,159.38,51.985,133.44,117.755,157.235,55.115,96.275,66.255,36.775,80.065,142.35,133.225,226.39,48.735,124.53,88.37,70.33
235,240.45,98.64,179.555,353.705,157.42,116.97,45.425,44.675,104.18,72.035,74.325,270.235,181.305,159.3,51.995,133.415,117.815,157.25,55.095,96.285,66.255,36.775,80.065,142.375,133.26,226.335,48.745,124.5,88.37,70.33
236,240.41,98.65,179.57,353.635,157.385,117,45.425,44.675,104.19,72.015,74.355,270.07,181.33,159.285,51.98,133.405,117.805,157.165,55.105,96.255,66.215,36.775,80.075,142.405,133.305,226.355,48.765,124.505,88.36,70.365
237,240.37,98.645,179.53,353.45,157.365,117.025,45.425,44.685,104.19,71.99,74.375,270.18,181.355,159.285,51.965,133.435,117.815,157.185,55.115,96.255,66.215,36.775,80.095,142.335,133.305,226.41,48.785,124.5,88.38,70.37
238,240.335,98.605,179.435,353.13,157.28,117,45.425,44.665,104.16,71.97,74.355,270.035,181.28,159.26,51.885,133.415,117.755,157.105,55.115,96.195,66.205,36.765,80.085,142.3,133.265,226.34,48.775,124.41,88.365,70.375
239,240.375,98.59,179.515,353.21,157.22,116.96,45.435,44.655,104.16,71.955,74.325,269.985,181.195,159.275,51.875,133.395,117.715,157.11,55.115,96.195,66.215,36.765,80.075,142.29,133.325,226.355,48.785,124.385,88.335,70.37
240,240.45,98.585,179.495,353.06,157.225,116.955,45.435,44.655,104.14,71.955,74.325,269.905,181.18,159.245,51.845,133.385,117.695,157.105,55.115,96.185,66.205,36.765,80.065,142.27,133.28,226.335,48.765,124.375,88.315,70.375
241,240.445,98.615,179.515,353.145,157.2,116.985,45.445,44.665,104.14,71.925,74.325,270.035,181.175,159.285,51.845,133.405,117.755,157.055,55.115,96.195,66.215,36.765,80.075,142.26,133.34,226.315,48.775,124.41,88.325,70.395
242,240.45,98.65,179.555,353.17,157.225,117.015,45.455,44.665,104.17,71.9,74.315,270.12,181.21,159.33,51.875,133.38,117.765,157.06,55.115,96.225,66.225,36.765,80.075,142.275,133.385,226.22,48.775,124.455,88.325,70.415
243,240.42,98.645,179.545,352.93,157.295,117.075,45.435,44.665,104.175,71.885,74.335,270.005,181.21,159.325,51.885,133.355,117.735,156.965,55.125,96.215,66.235,36.775,80.075,142.265,133.385,226.15,48.785,124.425,88.315,70.425
244,240.29,98.62,179.525,352.955,157.265,117.065,45.445,44.655,104.18,71.88,74.355,270.035,181.17,159.275,51.875,133.285,117.725,156.855,55.115,96.175,66.235,36.775,80.055,142.125,133.375,226.11,48.795,124.405,88.265,70.405
245,240.28,98.665,179.605,353.1,157.395,117.085,45.465,44.675,104.22,71.93,74.345,270.065,181.205,159.295,51.895,133.34,117.795,156.875,55.115,96.245,66.245,36.795,80.065,142.175,133.375,226.135,48.815,124.445,88.295,70.44
246,240.26,98.61,179.575,352.915,157.315,117.085,45.445,44.665,104.2,71.9,74.305,269.91,181.07,159.265,51.875,133.29,117.715,156.825,55.085,96.235,66.235,36.795,80.045,142.11,133.29,226.145,48.795,124.385,88.275,70.425
247,240.255,98.625,179.575,352.725,157.37,117.115,45.455,44.675,104.23,71.89,74.305,270.145,181.025,159.25,51.865,133.325,117.755,156.88,55.085,96.215,66.235,36.795,80.065,142.1,133.32,226.155,48.795,124.41,88.255,70.425
248,240.195,98.58,179.585,352.695,157.39,117.115,45.435,44.665,104.215,71.885,74.275,270.07,180.96,159.255,51.855,133.27,117.705,156.905,55.075,96.175,66.245,36.795,80.045,142.06,133.37,226.14,48.785,124.415,88.245,70.395
249,240.275,98.65,179.585,352.75,157.415,117.13,45.445,44.675,104.27,71.91,74.275,270.275,181.005,159.335,51.885,133.295,117.765,156.92,55.075,96.175,66.255,36.795,80.045,142.105,133.495,226.14,48.785,124.415,88.255,70.425
250,240.28,98.73,179.615,352.655,157.385,117.145,45.425,44.675,104.28,71.89,74.255,270.33,180.975,159.335,51.915,133.285,117.795,156.905,55.075,96.145,66.265,36.775,80.055,142.15,133.58,226.085,48.795,124.44,88.265,70.415
251,240.28,98.72,179.605,352.5,157.415,117.165,45.435,44.685,104.28,71.855,74.235,270.255,180.995,159.335,51.925,133.225,117.755,156.915,55.055,96.075,66.245,36.765,80.055,142.125,133.54,226.03,48.795,124.415,88.265,70.405
252,240.295,98.73,179.605,352.46,157.305,117.165,45.445,44.695,104.33,71.845,74.255,270.19,181.02,159.35,51.895,133.275,117.735,156.98,55.065,96.125,66.275,36.765,80.055,142.06,133.475,226.085,48.805,124.42,88.305,70.43
253,240.305,98.75,179.645,352.555,157.36,117.205,45.455,44.695,104.355,71.885,74.275,270.25,181.07,159.345,51.915,133.275,117.735,157.015,55.085,96.145,66.305,36.795,80.055,142.12,133.525,226.095,48.815,124.47,88.325,70.435
254,240.3,98.765,179.615,352.505,157.44,117.21,45.465,44.705,104.345,71.875,74.295,270.3,181.045,159.37,51.945,133.295,117.735,157.035,55.085,96.155,66.305,36.775,80.055,142.12,133.495,226.085,48.815,124.5,88.295,70.435
255,240.315,98.78,179.645,352.55,157.47,117.245,45.485,44.715,104.365,71.88,74.345,270.255,181.12,159.375,51.955,133.365,117.745,157.065,55.085,96.165,66.345,36.785,80.065,142.13,133.495,226.08,48.825,124.515,88.305,70.485
256,240.365,98.79,179.685,352.705,157.56,117.245,45.485,44.695,104.365,71.89,74.355,270.35,181.14,159.38,51.965,133.395,117.825,157.135,55.105,96.155,66.395,36.785,79.995,142.155,133.49,226.14,48.835,124.515,88.285,70.48
257,240.33,98.77,179.735,352.805,157.52,117.235,45.475,44.695,104.335,71.88,74.355,270.28,181.14,159.37,51.985,133.425,117.805,157.115,55.085,96.165,66.395,36.785,80.005,142.115,133.41,226.06,48.835,124.505,88.325,70.48
258,240.295,98.8,179.735,352.79,157.52,117.185,45.475,44.695,104.32,71.865,74.305,270.215,181.11,159.385,51.995,133.46,117.795,157.165,55.075,96.135,66.375,36.775,80.015,142.075,133.35,226.015,48.825,124.485,88.295,70.43
259,240.385,98.85,179.7,352.855,157.615,117.225,45.475,44.715,104.335,71.895,74.295,270.435,181.15,159.505,51.985,133.495,117.845,157.16,55.115,96.175,66.415,36.785,80.005,141.995,133.37,226.08,48.855,124.515,88.325,70.44
260,240.505,98.805,179.755,352.93,157.68,117.295,45.485,44.715,104.365,71.915,74.315,270.475,181.205,159.555,51.985,133.51,117.875,157.22,55.115,96.225,66.425,36.775,80.035,142.01,133.41,226.07,48.865,124.53,88.345,70.44
261,240.235,98.695,179.635,352.645,157.445,117.115,45.445,44.685,104.325,71.85,74.245,270.18,181.035,159.45,51.935,133.485,117.745,157.135,55.155,96.165,66.365,36.765,79.975,141.885,133.27,225.775,48.825,124.41,88.285,70.41
262,240.135,98.695,179.615,352.54,157.44,117.2,45.425,44.665,104.315,71.845,74.255,270.19,181,159.455,51.945,133.465,117.755,157.085,55.095,96.165,66.375,36.735,79.985,141.92,133.24,225.83,48.825,124.37,88.305,70.395
263,240.27,98.735,179.69,352.845,157.545,117.29,45.465,44.695,104.35,71.905,74.28,270.275,181.08,159.485,51.975,133.365,117.775,157.155,55.075,96.18,66.39,36.725,80.025,142.01,133.3,226.055,48.835,124.425,88.325,70.435
264,240.235,98.735,179.655,352.835,157.54,117.215,45.435,44.685,104.325,71.875,74.255,270.22,180.98,159.425,51.945,133.3,117.76,157.19,55.065,96.165,66.415,36.735,80.025,142.02,133.305,225.78,48.815,124.42,88.325,70.455
265,240.13,98.745,179.62,352.85,157.47,117.215,45.425,44.695,104.32,71.865,74.265,270.185,180.97,159.365,51.935,133.16,117.755,157.22,55.055,96.155,66.425,36.745,80.015,141.97,133.28,225.805,48.815,124.405,88.34,70.485
266,240.12,98.78,179.645,353.175,157.565,117.235,45.455,44.695,104.35,71.925,74.275,270.315,180.98,159.405,51.975,133.22,117.805,157.235,55.075,96.195,66.455,36.735,80.015,142.015,133.295,225.99,48.805,124.46,88.375,70.495
267,240.11,98.81,179.635,353.31,157.51,117.195,45.455,44.685,104.35,71.875,74.255,270.115,181.025,159.305,51.965,133.175,117.775,157.24,55.055,96.185,66.445,36.735,80.005,141.985,133.27,225.955,48.805,124.475,88.355,70.485
268,240.155,98.795,179.625,353.19,157.545,117.235,45.465,44.695,104.33,71.9,74.255,270.125,181.085,159.22,51.985,133.265,117.795,157.275,55.045,96.185,66.435,36.735,80.035,141.935,133.24,226.015,48.815,124.49,88.355,70.485
269,240.175,98.805,179.68,353.365,157.6,117.245,45.475,44.705,104.37,71.9,74.245,270.18,181.11,159.31,51.995,133.32,117.795,157.34,55.065,96.205,66.455,36.755,80.035,141.94,133.255,225.9,48.815,124.515,88.365,70.485
270,240.265,98.865,179.715,353.41,157.675,117.275,45.485,44.705,104.365,71.91,74.265,270.225,181.155,159.33,51.985,133.355,117.865,157.355,55.095,96.245,66.505,36.745,80.045,141.965,133.29,225.87,48.815,124.57,88.385,70.495
271,240.225,98.84,179.735,353.09,157.615,117.155,45.485,44.695,104.345,71.885,74.235,270.21,181.13,159.29,51.985,133.355,117.835,157.285,55.085,96.235,66.465,36.745,80.035,141.945,133.295,225.825,48.815,124.515,88.355,70.435
272,240.175,98.805,179.7,353.16,157.615,117.135,45.475,44.685,104.32,71.87,74.235,270.155,181.12,159.305,51.985,133.325,117.795,157.235,55.075,96.205,66.465,36.755,79.995,141.905,133.25,225.755,48.805,124.475,88.355,70.425
273,240.13,98.775,179.665,353.045,157.6,117.145,45.475,44.665,104.285,71.875,74.235,270.12,181.055,159.275,51.995,133.295,117.815,157.18,55.055,96.195,66.465,36.755,79.985,141.975,133.245,225.64,48.785,124.47,88.315,70.395
274,240.145,98.765,179.66,352.995,157.61,117.215,45.475,44.665,104.31,71.83,74.255,270.065,181.075,159.305,51.985,133.315,117.785,157.195,55.065,96.205,66.445,36.755,79.995,141.985,133.23,225.66,48.795,124.49,88.335,70.405
275,240.035,98.75,179.63,352.87,157.56,117.18,45.455,44.655,104.29,71.805,74.265,269.96,181.02,159.25,51.945,133.255,117.775,157.17,55.035,96.185,66.435,36.725,79.975,142.005,133.2,225.57,48.785,124.455,88.345,70.375
276,240.015,98.725,179.625,352.785,157.515,117.175,45.465,44.645,104.265,71.795,74.265,269.74,181.02,159.2,51.965,133.2,117.735,157.16,55.035,96.185,66.415,36.715,79.965,141.965,133.16,225.41,48.785,124.455,88.375,70.335
277,240.07,98.74,179.645,352.895,157.58,117.195,45.475,44.665,104.275,71.86,74.305,269.865,181.01,159.225,51.975,133.285,117.755,157.2,55.055,96.195,66.435,36.735,79.985,142.015,133.21,225.56,48.795,124.455,88.385,70.345
278,240.085,98.695,179.635,352.865,157.54,117.185,45.475,44.655,104.275,71.84,74.285,269.76,180.985,159.185,51.995,133.295,117.735,157.175,55.035,96.185,66.435,36.725,79.985,141.975,133.205,225.54,48.785,124.455,88.385,70.355
279,240.045,98.725,179.655,353.06,157.56,117.115,45.485,44.665,104.295,71.845,74.255,269.855,180.91,159.22,51.995,133.31,117.725,157.2,55.045,96.175,66.395,36.735,79.995,141.945,133.23,225.595,48.795,124.48,88.385,70.365
280,240.15,98.78,179.675,352.97,157.58,117.145,45.465,44.665,104.315,71.835,74.275,269.985,181.015,159.265,51.995,133.31,117.745,157.205,55.065,96.185,66.425,36.735,80.005,142.005,133.305,225.545,48.795,124.485,88.395,70.405
281,240.16,98.745,179.7,352.995,157.565,117.155,45.445,44.665,104.325,71.835,74.275,269.975,181.015,159.25,51.985,133.175,117.745,157.2,55.055,96.165,66.435,36.725,79.995,142.015,133.365,225.54,48.785,124.485,88.395,70.415
282,240.225,98.79,179.705,353.11,157.61,117.215,45.445,44.675,104.34,71.87,74.285,269.91,181.125,159.325,51.995,133.185,117.785,157.205,55.055,96.205,66.445,36.715,79.985,142.09,133.44,225.58,48.805,124.5,88.395,70.455
283,240.225,98.77,179.665,353.155,157.52,117.195,45.445,44.675,104.335,71.865,74.295,269.97,181.155,159.31,51.995,133.155,117.725,157.185,55.035,96.185,66.405,36.705,79.985,142.005,133.475,225.465,48.795,124.48,88.335,70.445
284,240.23,98.745,179.705,353.145,157.495,117.185,45.435,44.665,104.335,71.86,74.275,269.93,181.17,159.22,51.955,133.055,117.705,157.175,55.015,96.185,66.385,36.695,79.965,142.01,133.44,225.25,48.805,124.475,88.355,70.465
285,240.375,98.815,179.785,353.42,157.625,117.205,45.455,44.675,104.37,71.9,74.305,270.01,181.325,159.285,51.995,133.155,117.755,157.215,55.055,96.245,66.415,36.705,80.015,142.07,133.54,225.32,48.805,124.505,88.385,70.475
286,240.5,98.875,179.865,353.675,157.73,117.155,45.455,44.705,104.395,71.935,74.315,270.19,181.41,159.3,51.995,133.205,117.805,157.2,55.065,96.265,66.455,36.705,80.035,142.195,133.585,225.555,48.805,124.515,88.405,70.485
287,240.585,98.88,179.875,353.835,157.88,117.205,45.455,44.705,104.405,71.975,74.345,270.27,181.53,159.36,51.995,133.25,117.855,157.21,55.075,96.275,66.465,36.715,80.055,142.235,133.645,225.585,48.805,124.495,88.435,70.495
288,240.525,98.855,179.875,353.76,157.89,117.175,45.455,44.705,104.405,71.96,74.315,270.24,181.575,159.315,52.005,133.225,117.865,157.195,55.075,96.285,66.455,36.725,80.075,142.22,133.575,225.395,48.795,124.485,88.465,70.495
289,240.595,98.895,179.905,353.725,157.945,117.205,45.455,44.705,104.425,71.995,74.325,270.27,181.73,159.34,52.015,133.28,117.935,157.205,55.095,96.265,66.475,36.725,80.105,142.3,133.625,225.585,48.795,124.485,88.485,70.495
290,240.48,98.825,179.885,353.665,157.96,117.155,45.445,44.685,104.475,71.955,74.305,270.21,181.71,159.235,52.005,133.165,117.875,157.145,55.075,96.215,66.445,36.715,80.095,142.235,133.645,225.42,48.785,124.405,88.485,70.485
291,240.59,98.82,179.945,353.87,158.1,117.245,45.445,44.695,104.475,72.015,74.315,270.31,181.775,159.285,52.035,133.225,117.885,157.155,55.085,96.235,66.425,36.725,80.115,142.205,133.715,225.385,48.785,124.415,88.495,70.505
292,240.565,98.805,179.925,353.84,158.14,117.275,45.435,44.675,104.46,71.975,74.365,270.29,181.685,159.255,52.015,133.25,117.845,157.125,55.085,96.195,66.385,36.725,80.105,142.11,133.755,225.48,48.775,124.415,88.455,70.455
293,240.635,98.855,179.955,353.965,158.15,117.325,45.435,44.685,104.51,72.025,74.415,270.245,181.69,159.255,52.045,133.29,117.885,157.22,55.105,96.245,66.385,36.735,80.125,142.13,133.805,225.55,48.795,124.475,88.465,70.475
294,240.8,98.905,179.945,354.21,158.145,117.375,45.435,44.715,104.555,72.095,74.485,270.36,181.79,159.3,52.065,133.335,117.905,157.335,55.125,96.275,66.385,36.745,80.155,142.17,133.92,225.715,48.825,124.525,88.485,70.495
295,240.75,98.845,179.965,354.11,158.13,117.355,45.385,44.685,104.505,72.055,74.465,270.255,181.81,159.225,52.035,133.295,117.895,157.29,55.105,96.255,66.355,36.715,80.135,142.19,133.88,225.645,48.815,124.455,88.455,70.485
296,240.93,98.925,179.955,354.405,158.23,117.355,45.425,44.715,104.54,72.1,74.495,270.32,181.91,159.31,52.085,133.355,117.945,157.335,55.135,96.285,66.405,36.735,80.155,142.275,133.95,225.67,48.855,124.495,88.515,70.505
297,240.9,98.925,179.935,354.375,158.25,117.28,45.425,44.715,104.535,72.095,74.445,270.32,181.865,159.255,52.075,133.355,117.975,157.36,55.125,96.245,66.405,36.725,80.125,142.295,133.94,225.805,48.875,124.475,88.495,70.485
298,240.67,98.825,179.835,353.98,158.175,117.205,45.375,44.705,104.515,72.015,74.415,270.16,181.77,159.165,52.085,133.22,117.875,157.19,55.105,96.185,66.355,36.705,80.095,142.22,133.915,225.695,48.875,124.375,88.455,70.405
299,240.645,98.805,179.765,353.71,158.17,117.235,45.395,44.735,104.505,72.015,74.425,270.17,181.76,159.155,52.055,133.225,117.845,157.14,55.105,96.195,66.355,36.715,80.095,142.19,133.945,225.69,48.855,124.265,88.415,70.385
300,240.675,98.825,179.755,353.57,158.1,117.22,45.375,44.735,104.515,71.995,74.405,270.13,181.81,159.135,52.035,133.215,117.82,157.08,55.105,96.175,66.345,36.685,80.095,142.175,133.935,225.68,48.855,124.265,88.435,70.425
301,240.595,98.815,179.815,353.725,158.06,117.285,45.375,44.745,104.505,72.025,74.415,269.995,181.785,159.1,52.055,133.265,117.775,157.105,55.095,96.175,66.335,36.685,80.085,142.13,133.89,225.605,48.885,124.335,88.455,70.425
302,240.47,98.795,179.745,353.645,158.02,117.215,45.355,44.745,104.485,71.995,74.385,270.075,181.685,159.015,52.045,133.22,117.765,157.105,55.085,96.135,66.295,36.685,80.075,142.045,133.81,225.49,48.845,124.285,88.435,70.405
